model,MAE,RMSE,MAPE
GradientBoostingRegressor,0.16702328273754324,0.23833304101790537,0.1844044712793322
LightGBM_detrended,0.17744928104049762,0.24849804352957008,0.2009401493645926
LightGBM,0.17762653907652448,0.24951571097288505,0.19867078299954652
RandomForestRegressor,0.1801727086597648,0.24560671884185192,0.20413574394655595
LinearRegression,0.1823545369030093,0.24631143624473825,0.21117201352968337
LinearRegression_detrended,0.18514092163324686,0.24764875883947562,0.21903873461866616
